{
  "s01_l01": 1.024,
  "s01_l02": 1.482667,
  "s01_l03": 0.832,
  "s01_l04": 1.792,
  "s02_l01": 1.290667,
  "s02_l02": 1.952,
  "s02_l03": 1.130667,
  "s02_l04": 1.941333,
  "s03_l01": 1.290667,
  "s03_l02": 1.621333,
  "s03_l03": 0.981333,
  "s03_l04": 1.92
}