{
  "s01_l01": 1.226667,
  "s01_l02": 1.482667,
  "s01_l03": 1.344,
  "s01_l04": 1.621333,
  "s02_l01": 1.258667,
  "s02_l02": 1.984,
  "s02_l03": 1.173333,
  "s02_l04": 1.664,
  "s03_l01": 1.141333,
  "s03_l02": 1.706667,
  "s03_l03": 1.44,
  "s03_l04": 1.717333
}