{
  "s01_l01": 1.557333,
  "s01_l02": 1.258667,
  "s01_l03": 1.578667,
  "s01_l04": 1.354667,
  "s02_l01": 1.472,
  "s02_l02": 1.482667,
  "s02_l03": 1.344,
  "s02_l04": 1.386667,
  "s03_l01": 1.365333,
  "s03_l02": 1.397333,
  "s03_l03": 1.696,
  "s03_l04": 1.44
}