{
  "s01_l01": 1.781333,
  "s01_l02": 1.269333,
  "s01_l03": 2.922667,
  "s01_l04": 2.048,
  "s01_l05": 2.069333,
  "s01_l06": 1.322667,
  "s01_l07": 1.770667,
  "s01_l08": 1.653333,
  "s01_l09": 1.610667,
  "s01_l10": 1.653333,
  "s02_l01": 1.664,
  "s02_l02": 1.482667,
  "s02_l03": 1.770667,
  "s02_l04": 1.76,
  "s02_l05": 2.282667,
  "s02_l06": 2.944,
  "s02_l07": 1.749333,
  "s02_l08": 1.376,
  "s02_l09": 1.984,
  "s02_l10": 1.717333,
  "s03_l01": 1.802667,
  "s03_l02": 1.632,
  "s03_l03": 1.706667,
  "s03_l04": 1.589333,
  "s03_l05": 1.696,
  "s03_l06": 1.589333,
  "s03_l07": 2.016,
  "s03_l08": 1.781333,
  "s03_l09": 2.037333,
  "s03_l10": 1.685333,
  "s04_l01": 1.664,
  "s04_l02": 1.738667,
  "s04_l03": 1.557333,
  "s04_l04": 1.504,
  "s04_l05": 1.557333,
  "s04_l06": 2.144,
  "s04_l07": 1.546667,
  "s04_l08": 1.781333,
  "s04_l09": 1.909333,
  "s04_l10": 1.984,
  "s05_l01": 2.741333,
  "s05_l02": 1.301333,
  "s05_l03": 2.005333,
  "s05_l04": 1.706667,
  "s05_l05": 1.546667,
  "s05_l06": 1.706667,
  "s05_l07": 1.312,
  "s05_l08": 1.696,
  "s06_l01": 1.941333,
  "s06_l02": 1.792,
  "s06_l03": 1.728,
  "s06_l04": 1.290667,
  "s06_l05": 1.642667,
  "s06_l06": 1.685333,
  "s06_l07": 1.877333,
  "s06_l08": 2.24,
  "s06_l09": 1.952,
  "s06_l10": 2.122667,
  "s07_l01": 1.930667,
  "s07_l02": 1.6,
  "s07_l03": 1.226667,
  "s07_l04": 1.525333,
  "s07_l05": 1.909333,
  "s07_l06": 2.058667,
  "s07_l07": 1.728,
  "s07_l08": 1.792,
  "s07_l09": 2.016,
  "s07_l10": 1.514667,
  "s08_l01": 1.994667,
  "s08_l02": 1.728,
  "s08_l03": 2.090667,
  "s08_l04": 1.962667,
  "s08_l05": 2.037333,
  "s08_l06": 2.485333,
  "s08_l07": 1.610667,
  "s08_l08": 1.312,
  "s08_l09": 1.696,
  "s08_l10": 1.76,
  "s09_l01": 2.304,
  "s09_l02": 2.058667,
  "s09_l03": 1.482667,
  "s09_l04": 1.429333,
  "s09_l05": 1.909333,
  "s09_l06": 1.749333,
  "s09_l07": 1.376,
  "s09_l08": 1.514667,
  "s09_l09": 1.984,
  "s09_l10": 2.048,
  "s10_l01": 1.706667,
  "s10_l02": 1.824,
  "s10_l03": 2.304,
  "s10_l04": 1.984,
  "s10_l05": 2.368,
  "s10_l06": 2.112,
  "s10_l07": 2.602667,
  "s10_l08": 1.824,
  "s10_l09": 1.728,
  "s10_l10": 1.813333
}