{
  "s01_l01": 1.354667,
  "s01_l02": 1.322667,
  "s01_l03": 1.173333,
  "s01_l04": 0.970667,
  "s01_l05": 1.568,
  "s01_l06": 1.429333,
  "s01_l07": 1.738667,
  "s01_l08": 1.034667,
  "s01_l09": 1.301333,
  "s01_l10": 1.290667,
  "s02_l01": 1.717333,
  "s02_l02": 1.301333,
  "s02_l03": 1.621333,
  "s02_l04": 1.429333,
  "s02_l05": 1.461333,
  "s02_l06": 1.312,
  "s02_l07": 1.706667,
  "s02_l08": 1.248,
  "s02_l09": 1.749333,
  "s02_l10": 1.514667,
  "s03_l01": 1.141333,
  "s03_l02": 1.44,
  "s03_l03": 1.429333,
  "s03_l04": 1.557333,
  "s03_l05": 1.344,
  "s03_l06": 1.088,
  "s03_l07": 1.429333,
  "s03_l08": 1.344,
  "s03_l09": 1.344,
  "s03_l10": 1.301333,
  "s04_l01": 1.568,
  "s04_l02": 1.525333,
  "s04_l03": 1.418667,
  "s04_l04": 1.354667,
  "s04_l05": 1.472,
  "s04_l06": 1.6,
  "s04_l07": 1.546667,
  "s04_l08": 1.301333,
  "s04_l09": 1.504,
  "s04_l10": 1.664,
  "s05_l01": 1.301333,
  "s05_l02": 1.376,
  "s05_l03": 1.258667,
  "s05_l04": 1.12,
  "s05_l05": 1.365333,
  "s05_l06": 1.429333,
  "s05_l07": 1.461333,
  "s05_l08": 1.408,
  "s05_l09": 1.781333,
  "s05_l10": 1.568,
  "s06_l01": 1.344,
  "s06_l02": 1.376,
  "s06_l03": 1.173333,
  "s06_l04": 1.418667,
  "s06_l05": 1.354667,
  "s06_l06": 1.461333,
  "s06_l07": 1.578667,
  "s06_l08": 1.141333,
  "s06_l09": 1.354667,
  "s06_l10": 1.525333,
  "s07_l01": 1.536,
  "s07_l02": 1.525333,
  "s07_l03": 1.813333,
  "s07_l04": 1.109333,
  "s07_l05": 1.269333,
  "s07_l06": 1.226667,
  "s07_l07": 1.109333,
  "s07_l08": 1.258667,
  "s07_l09": 1.845333,
  "s07_l10": 1.632,
  "s08_l01": 1.706667,
  "s08_l02": 1.504,
  "s08_l03": 1.461333,
  "s08_l04": 1.226667,
  "s08_l05": 1.301333,
  "s08_l06": 1.557333,
  "s08_l07": 1.685333,
  "s08_l08": 1.792,
  "s08_l09": 1.525333,
  "s08_l10": 1.258667,
  "s09_l01": 1.28,
  "s09_l02": 1.258667,
  "s09_l03": 1.408,
  "s09_l04": 1.152,
  "s09_l05": 1.184,
  "s09_l06": 1.248,
  "s09_l07": 1.493333,
  "s09_l08": 1.333333,
  "s09_l09": 1.685333,
  "s09_l10": 1.237333,
  "s10_l01": 1.066667,
  "s10_l02": 0.864,
  "s10_l03": 1.482667,
  "s10_l04": 1.205333,
  "s10_l05": 1.248,
  "s10_l06": 1.322667,
  "s10_l07": 1.674667,
  "s10_l08": 1.162667,
  "s10_l09": 1.632,
  "s10_l10": 1.226667
}