{
  "s01_l01": 1.973333,
  "s01_l02": 1.184,
  "s01_l03": 1.162667,
  "s01_l04": 1.450667,
  "s02_l01": 1.493333,
  "s02_l02": 1.258667,
  "s02_l03": 1.28,
  "s02_l04": 1.429333,
  "s03_l01": 1.205333,
  "s03_l02": 1.44,
  "s03_l03": 1.312,
  "s03_l04": 1.536
}