{
  "s01_l01": 1.376,
  "s01_l02": 1.248,
  "s01_l03": 1.301333,
  "s01_l04": 0.96,
  "s02_l01": 1.12,
  "s02_l02": 1.365333,
  "s02_l03": 1.290667,
  "s02_l04": 1.333333,
  "s03_l01": 1.472,
  "s03_l02": 1.397333,
  "s03_l03": 1.344,
  "s03_l04": 1.162667
}