{
  "s01_l01": 1.557333,
  "s01_l02": 1.525333,
  "s01_l03": 1.056,
  "s01_l04": 1.088,
  "s02_l01": 1.301333,
  "s02_l02": 1.408,
  "s02_l03": 1.258667,
  "s02_l04": 1.130667,
  "s03_l01": 1.664,
  "s03_l02": 1.290667,
  "s03_l03": 1.354667,
  "s03_l04": 1.621333
}