{
  "s01_l01": 1.792,
  "s01_l02": 1.386667,
  "s01_l03": 1.418667,
  "s01_l04": 1.301333,
  "s02_l01": 1.504,
  "s02_l02": 1.344,
  "s02_l03": 1.301333,
  "s02_l04": 1.354667,
  "s03_l01": 1.354667,
  "s03_l02": 1.461333,
  "s03_l03": 1.845333,
  "s03_l04": 1.44
}