{
  "s01_l01": 1.194667,
  "s01_l02": 2.058667,
  "s01_l03": 1.088,
  "s01_l04": 1.930667,
  "s02_l01": 1.354667,
  "s02_l02": 2.005333,
  "s02_l03": 1.205333,
  "s02_l04": 2.250667,
  "s03_l01": 1.28,
  "s03_l02": 1.834667,
  "s03_l03": 1.376,
  "s03_l04": 2.24
}