{
  "s01_l01": 2.005333,
  "s01_l02": 2.016,
  "s01_l03": 2.56,
  "s01_l04": 2.442667,
  "s01_l05": 2.730667,
  "s01_l06": 1.952,
  "s01_l07": 2.048,
  "s01_l08": 2.090667,
  "s02_l01": 1.813333,
  "s02_l02": 2.144,
  "s02_l03": 1.802667,
  "s02_l04": 2.272,
  "s02_l05": 1.792,
  "s02_l06": 1.728,
  "s02_l07": 2.549333,
  "s02_l08": 1.728,
  "s02_l09": 1.824,
  "s02_l10": 2.389333,
  "s03_l01": 1.909333,
  "s03_l02": 2.165333,
  "s03_l03": 2.08,
  "s03_l04": 2.282667,
  "s03_l05": 2.410667,
  "s03_l06": 1.717333,
  "s03_l07": 1.941333,
  "s03_l08": 2.346667,
  "s03_l09": 1.898667,
  "s03_l10": 2.656,
  "s04_l01": 1.621333,
  "s04_l02": 2.218667,
  "s04_l03": 1.909333,
  "s04_l04": 2.229333,
  "s04_l05": 1.941333,
  "s04_l06": 2.133333,
  "s04_l07": 2.624,
  "s04_l08": 1.973333,
  "s04_l09": 2.496,
  "s04_l10": 2.314667,
  "s05_l01": 1.845333,
  "s05_l02": 1.941333,
  "s05_l03": 1.962667,
  "s05_l04": 2.613333,
  "s05_l05": 1.973333,
  "s05_l06": 1.877333,
  "s05_l07": 1.973333,
  "s05_l08": 1.738667,
  "s05_l09": 2.250667,
  "s05_l10": 1.952,
  "s06_l01": 2.037333,
  "s06_l02": 1.930667,
  "s06_l03": 2.581333,
  "s06_l04": 1.941333,
  "s06_l05": 1.674667,
  "s06_l06": 1.450667,
  "s06_l07": 1.866667,
  "s06_l08": 2.101333,
  "s06_l09": 1.770667,
  "s06_l10": 1.866667,
  "s07_l01": 1.76,
  "s07_l02": 2.538667,
  "s07_l03": 1.696,
  "s07_l04": 2.293333,
  "s07_l05": 1.450667,
  "s07_l06": 2.538667,
  "s07_l07": 1.749333,
  "s07_l08": 1.909333,
  "s07_l09": 2.101333,
  "s07_l10": 2.048
}