{
  "s01_l01": 1.621333,
  "s01_l02": 1.557333,
  "s01_l03": 1.109333,
  "s01_l04": 1.269333,
  "s02_l01": 1.525333,
  "s02_l02": 1.461333,
  "s02_l03": 1.610667,
  "s02_l04": 1.685333,
  "s03_l01": 1.397333,
  "s03_l02": 1.536,
  "s03_l03": 1.696,
  "s03_l04": 1.621333
}