{
  "s01_l01": 1.482667,
  "s01_l02": 1.461333,
  "s01_l03": 1.461333,
  "s01_l04": 1.365333,
  "s02_l01": 1.610667,
  "s02_l02": 1.621333,
  "s02_l03": 1.429333,
  "s02_l04": 1.354667,
  "s03_l01": 1.525333,
  "s03_l02": 1.365333,
  "s03_l03": 1.696,
  "s03_l04": 1.493333
}