{
  "s01_l01": 1.461333,
  "s01_l02": 1.333333,
  "s01_l03": 1.077333,
  "s01_l04": 1.269333,
  "s02_l01": 1.408,
  "s02_l02": 1.408,
  "s02_l03": 1.408,
  "s02_l04": 1.450667,
  "s03_l01": 1.461333,
  "s03_l02": 1.088,
  "s03_l03": 1.610667,
  "s03_l04": 1.194667
}