{
  "s01_l01": 1.525333,
  "s01_l02": 1.088,
  "s01_l03": 1.269333,
  "s01_l04": 1.44,
  "s02_l01": 1.525333,
  "s02_l02": 1.344,
  "s02_l03": 1.173333,
  "s02_l04": 1.205333,
  "s03_l01": 1.589333,
  "s03_l02": 1.536,
  "s03_l03": 1.418667,
  "s03_l04": 1.557333
}