{
  "s01_l01": 1.365333,
  "s01_l02": 1.536,
  "s01_l03": 1.098667,
  "s01_l04": 1.44,
  "s02_l01": 1.141333,
  "s02_l02": 1.504,
  "s02_l03": 1.024,
  "s02_l04": 1.653333,
  "s03_l01": 1.418667,
  "s03_l02": 1.514667,
  "s03_l03": 1.194667,
  "s03_l04": 1.461333
}