{
  "s01_l01": 1.472,
  "s01_l02": 1.461333,
  "s01_l03": 1.344,
  "s01_l04": 1.194667,
  "s02_l01": 1.28,
  "s02_l02": 1.301333,
  "s02_l03": 1.162667,
  "s02_l04": 1.589333,
  "s03_l01": 1.386667,
  "s03_l02": 1.450667,
  "s03_l03": 1.856,
  "s03_l04": 1.546667
}