{
  "s01_l01": 1.269333,
  "s01_l02": 1.813333,
  "s01_l03": 1.248,
  "s01_l04": 1.781333,
  "s02_l01": 0.96,
  "s02_l02": 1.557333,
  "s02_l03": 1.077333,
  "s02_l04": 1.610667,
  "s03_l01": 1.205333,
  "s03_l02": 1.536,
  "s03_l03": 0.981333,
  "s03_l04": 1.813333
}