{
  "s01_l01": 1.290667,
  "s01_l02": 1.237333,
  "s01_l03": 1.557333,
  "s01_l04": 1.194667,
  "s02_l01": 1.525333,
  "s02_l02": 1.248,
  "s02_l03": 1.386667,
  "s02_l04": 1.173333,
  "s03_l01": 1.888,
  "s03_l02": 1.386667,
  "s03_l03": 1.376,
  "s03_l04": 1.589333
}