{
  "s01_l01": 1.034667,
  "s01_l02": 1.6,
  "s01_l03": 0.906667,
  "s01_l04": 1.514667,
  "s02_l01": 0.896,
  "s02_l02": 2.005333,
  "s02_l03": 1.301333,
  "s02_l04": 1.962667,
  "s03_l01": 1.205333,
  "s03_l02": 1.504,
  "s03_l03": 0.842667,
  "s03_l04": 1.984
}