{
  "s01_l01": 1.034667,
  "s01_l02": 1.632,
  "s01_l03": 1.12,
  "s01_l04": 1.248,
  "s02_l01": 0.864,
  "s02_l02": 1.738667,
  "s02_l03": 1.130667,
  "s02_l04": 1.706667,
  "s03_l01": 1.258667,
  "s03_l02": 1.653333,
  "s03_l03": 1.152,
  "s03_l04": 1.578667
}