{
  "s01_l01": 1.610667,
  "s01_l02": 1.461333,
  "s01_l03": 1.194667,
  "s01_l04": 1.258667,
  "s02_l01": 1.632,
  "s02_l02": 1.354667,
  "s02_l03": 1.354667,
  "s02_l04": 1.205333,
  "s03_l01": 1.290667,
  "s03_l02": 1.493333,
  "s03_l03": 1.525333,
  "s03_l04": 1.173333
}