{
  "s01_l01": 1.376,
  "s01_l02": 1.664,
  "s01_l03": 1.141333,
  "s01_l04": 1.642667,
  "s02_l01": 1.301333,
  "s02_l02": 1.962667,
  "s02_l03": 1.269333,
  "s02_l04": 2.154667,
  "s03_l01": 1.333333,
  "s03_l02": 1.845333,
  "s03_l03": 1.162667,
  "s03_l04": 2.005333
}