{
  "s01_l01": 1.685333,
  "s01_l02": 1.205333,
  "s01_l03": 1.28,
  "s01_l04": 1.098667,
  "s02_l01": 1.386667,
  "s02_l02": 1.056,
  "s02_l03": 1.184,
  "s02_l04": 1.354667,
  "s03_l01": 1.6,
  "s03_l02": 1.301333,
  "s03_l03": 1.408,
  "s03_l04": 1.194667
}