{
  "s01_l01": 1.173333,
  "s01_l02": 1.866667,
  "s01_l03": 1.162667,
  "s01_l04": 1.578667,
  "s02_l01": 1.024,
  "s02_l02": 1.717333,
  "s02_l03": 0.970667,
  "s02_l04": 1.952,
  "s03_l01": 1.194667,
  "s03_l02": 1.770667,
  "s03_l03": 1.557333,
  "s03_l04": 1.973333
}