{
  "s01_l01": 0.949333,
  "s01_l02": 1.802667,
  "s01_l03": 0.981333,
  "s01_l04": 1.536,
  "s02_l01": 0.938667,
  "s02_l02": 1.792,
  "s02_l03": 1.024,
  "s02_l04": 1.781333,
  "s03_l01": 1.248,
  "s03_l02": 1.578667,
  "s03_l03": 1.237333,
  "s03_l04": 1.866667
}