{
  "s01_l01": 1.642667,
  "s01_l02": 1.354667,
  "s01_l03": 1.472,
  "s01_l04": 1.408,
  "s02_l01": 1.28,
  "s02_l02": 1.333333,
  "s02_l03": 1.237333,
  "s02_l04": 1.312,
  "s03_l01": 1.44,
  "s03_l02": 1.237333,
  "s03_l03": 1.109333,
  "s03_l04": 1.578667
}