{
  "s01_l01": 1.301333,
  "s01_l02": 1.365333,
  "s01_l03": 1.184,
  "s01_l04": 1.152,
  "s02_l01": 1.109333,
  "s02_l02": 1.536,
  "s02_l03": 1.184,
  "s02_l04": 1.248,
  "s03_l01": 1.44,
  "s03_l02": 1.248,
  "s03_l03": 1.461333,
  "s03_l04": 1.504
}