{
  "s01_l01": 1.365333,
  "s01_l02": 1.397333,
  "s01_l03": 1.568,
  "s01_l04": 1.365333,
  "s02_l01": 1.269333,
  "s02_l02": 1.376,
  "s02_l03": 1.226667,
  "s02_l04": 1.472,
  "s03_l01": 1.493333,
  "s03_l02": 1.290667,
  "s03_l03": 1.333333,
  "s03_l04": 1.504
}