{
  "s01_l01": 1.269333,
  "s01_l02": 1.856,
  "s01_l03": 0.949333,
  "s01_l04": 1.621333,
  "s02_l01": 1.184,
  "s02_l02": 1.984,
  "s02_l03": 1.397333,
  "s02_l04": 2.026667,
  "s03_l01": 1.152,
  "s03_l02": 1.845333,
  "s03_l03": 1.450667,
  "s03_l04": 2.016
}