{
  "s01_l01": 1.141333,
  "s01_l02": 1.621333,
  "s01_l03": 1.557333,
  "s01_l04": 1.813333,
  "s02_l01": 1.024,
  "s02_l02": 1.856,
  "s02_l03": 0.864,
  "s02_l04": 1.685333,
  "s03_l01": 1.514667,
  "s03_l02": 1.621333,
  "s03_l03": 1.216,
  "s03_l04": 1.621333
}