{
  "s01_l01": 1.258667,
  "s01_l02": 1.717333,
  "s01_l03": 1.088,
  "s01_l04": 1.44,
  "s02_l01": 1.098667,
  "s02_l02": 1.770667,
  "s02_l03": 1.162667,
  "s02_l04": 1.717333,
  "s03_l01": 1.365333,
  "s03_l02": 1.621333,
  "s03_l03": 1.077333,
  "s03_l04": 1.824
}