{
  "s01_l01": 1.312,
  "s01_l02": 1.28,
  "s01_l03": 1.088,
  "s01_l04": 1.226667,
  "s02_l01": 1.194667,
  "s02_l02": 1.472,
  "s02_l03": 1.504,
  "s02_l04": 1.6,
  "s03_l01": 1.397333,
  "s03_l02": 1.194667,
  "s03_l03": 0.96,
  "s03_l04": 1.674667
}