{
  "s01_l01": 1.002667,
  "s01_l02": 1.568,
  "s01_l03": 1.344,
  "s01_l04": 1.482667,
  "s02_l01": 1.216,
  "s02_l02": 1.685333,
  "s02_l03": 1.152,
  "s02_l04": 1.536,
  "s03_l01": 1.6,
  "s03_l02": 1.738667,
  "s03_l03": 1.194667,
  "s03_l04": 2.026667
}