{
  "s01_l01": 1.717333,
  "s01_l02": 1.301333,
  "s01_l03": 1.322667,
  "s01_l04": 1.354667,
  "s02_l01": 1.653333,
  "s02_l02": 1.429333,
  "s02_l03": 1.504,
  "s02_l04": 1.738667,
  "s03_l01": 1.546667,
  "s03_l02": 1.386667,
  "s03_l03": 1.354667,
  "s03_l04": 1.642667
}