{
  "s01_l01": 1.589333,
  "s01_l02": 1.376,
  "s01_l03": 1.258667,
  "s01_l04": 1.162667,
  "s02_l01": 1.418667,
  "s02_l02": 1.322667,
  "s02_l03": 1.376,
  "s02_l04": 1.376,
  "s03_l01": 1.6,
  "s03_l02": 1.226667,
  "s03_l03": 1.312,
  "s03_l04": 1.514667
}