{
  "s01_l01": 1.034667,
  "s01_l02": 1.749333,
  "s01_l03": 1.354667,
  "s01_l04": 1.738667,
  "s02_l01": 0.992,
  "s02_l02": 1.632,
  "s02_l03": 1.056,
  "s02_l04": 1.749333,
  "s03_l01": 1.290667,
  "s03_l02": 1.578667,
  "s03_l03": 1.130667,
  "s03_l04": 1.898667
}