{
  "s01_l01": 1.514667,
  "s01_l02": 1.642667,
  "s01_l03": 1.248,
  "s01_l04": 1.568,
  "s02_l01": 1.728,
  "s02_l02": 1.514667,
  "s02_l03": 1.408,
  "s02_l04": 1.888,
  "s03_l01": 1.504,
  "s03_l02": 1.418667,
  "s03_l03": 1.6,
  "s03_l04": 1.856
}