{
  "s01_l01": 2.816,
  "s01_l02": 1.408,
  "s01_l03": 2.474667,
  "s01_l04": 2.261333,
  "s01_l05": 2.176,
  "s01_l06": 2.432,
  "s01_l07": 1.461333,
  "s01_l08": 1.493333,
  "s01_l09": 1.909333,
  "s01_l10": 1.557333,
  "s02_l01": 2.058667,
  "s02_l02": 1.365333,
  "s02_l03": 1.482667,
  "s02_l04": 1.344,
  "s02_l05": 1.941333,
  "s02_l06": 1.546667,
  "s02_l07": 2.410667,
  "s02_l08": 1.813333,
  "s02_l09": 1.792,
  "s02_l10": 1.514667,
  "s03_l01": 2.826667,
  "s03_l02": 1.322667,
  "s03_l03": 2.677333,
  "s03_l04": 2.058667,
  "s03_l05": 2.090667,
  "s03_l06": 1.962667,
  "s03_l07": 1.984,
  "s03_l08": 1.717333,
  "s03_l09": 1.696,
  "s03_l10": 1.237333,
  "s04_l01": 1.824,
  "s04_l02": 2.165333,
  "s04_l03": 1.472,
  "s04_l04": 1.237333,
  "s04_l05": 2.229333,
  "s04_l06": 1.941333,
  "s04_l07": 1.834667,
  "s04_l08": 2.165333,
  "s04_l09": 1.717333,
  "s04_l10": 1.6,
  "s05_l01": 2.346667,
  "s05_l02": 1.525333,
  "s05_l03": 1.877333,
  "s05_l04": 1.6,
  "s05_l05": 1.493333,
  "s05_l06": 1.941333,
  "s05_l07": 2.026667,
  "s05_l08": 1.621333,
  "s06_l01": 2.368,
  "s06_l02": 0.906667,
  "s06_l03": 2.922667,
  "s06_l04": 2.005333,
  "s06_l05": 2.048,
  "s06_l06": 1.76,
  "s06_l07": 2.026667,
  "s06_l08": 1.546667,
  "s06_l09": 2.090667,
  "s06_l10": 1.664,
  "s07_l01": 1.994667,
  "s07_l02": 1.909333,
  "s07_l03": 1.653333,
  "s07_l04": 1.173333,
  "s07_l05": 1.941333,
  "s07_l06": 1.568,
  "s07_l07": 2.272,
  "s07_l08": 1.450667,
  "s07_l09": 2.197333,
  "s07_l10": 1.258667,
  "s08_l01": 2.261333,
  "s08_l02": 1.077333,
  "s08_l03": 2.634667,
  "s08_l04": 2.144,
  "s08_l05": 2.048,
  "s08_l06": 1.173333,
  "s08_l07": 2.165333,
  "s08_l08": 1.866667,
  "s08_l09": 2.197333,
  "s08_l10": 1.482667,
  "s09_l01": 2.336,
  "s09_l02": 1.610667,
  "s09_l03": 2.165333,
  "s09_l04": 1.258667,
  "s09_l05": 2.24,
  "s09_l06": 1.866667,
  "s09_l07": 2.432,
  "s09_l08": 1.856,
  "s09_l09": 1.450667,
  "s09_l10": 1.642667,
  "s10_l01": 1.642667,
  "s10_l02": 1.994667,
  "s10_l03": 2.410667,
  "s10_l04": 1.824,
  "s10_l05": 2.517333,
  "s10_l06": 1.824,
  "s10_l07": 2.570667,
  "s10_l08": 1.589333,
  "s10_l09": 2.037333,
  "s10_l10": 2.709333
}