{
  "s01_l01": 2.293333,
  "s01_l02": 1.984,
  "s01_l03": 1.685333,
  "s01_l04": 1.664,
  "s01_l05": 1.738667,
  "s01_l06": 1.312,
  "s01_l07": 1.258667,
  "s01_l08": 1.525333,
  "s02_l01": 1.653333,
  "s02_l02": 1.824,
  "s02_l03": 2.122667,
  "s02_l04": 1.781333,
  "s02_l05": 2.048,
  "s02_l06": 1.6,
  "s02_l07": 1.941333,
  "s02_l08": 2.570667,
  "s03_l01": 1.365333,
  "s03_l02": 1.568,
  "s03_l03": 1.578667,
  "s03_l04": 1.930667,
  "s03_l05": 1.504,
  "s03_l06": 1.856,
  "s03_l07": 2.613333,
  "s03_l08": 1.664,
  "s03_l09": 2.165333,
  "s03_l10": 1.269333,
  "s04_l01": 1.578667,
  "s04_l02": 1.653333,
  "s04_l03": 2.485333,
  "s04_l04": 2.133333,
  "s04_l05": 1.365333,
  "s04_l06": 1.408,
  "s04_l07": 1.941333,
  "s04_l08": 1.653333,
  "s05_l01": 1.578667,
  "s05_l02": 1.941333,
  "s05_l03": 1.717333,
  "s05_l04": 1.792,
  "s05_l05": 2.250667,
  "s05_l06": 1.834667,
  "s05_l07": 1.621333,
  "s05_l08": 2.282667,
  "s06_l01": 1.92,
  "s06_l02": 1.642667,
  "s06_l03": 1.632,
  "s06_l04": 1.717333,
  "s06_l05": 1.6,
  "s06_l06": 2.304,
  "s06_l07": 1.813333,
  "s06_l08": 1.706667,
  "s06_l09": 1.92,
  "s06_l10": 2.037333,
  "s07_l01": 1.397333,
  "s07_l02": 3.189333,
  "s07_l03": 1.376,
  "s07_l04": 2.250667,
  "s07_l05": 2.24,
  "s07_l06": 1.834667,
  "s07_l07": 2.048,
  "s07_l08": 1.706667,
  "s07_l09": 1.621333,
  "s07_l10": 2.709333
}