{
  "s01_l01": 1.44,
  "s01_l02": 1.738667,
  "s01_l03": 1.162667,
  "s01_l04": 1.6,
  "s02_l01": 1.226667,
  "s02_l02": 1.856,
  "s02_l03": 1.12,
  "s02_l04": 1.664,
  "s03_l01": 1.130667,
  "s03_l02": 1.962667,
  "s03_l03": 1.568,
  "s03_l04": 1.834667
}