{
  "s01_l01": 1.216,
  "s01_l02": 1.28,
  "s01_l03": 1.098667,
  "s01_l04": 1.792,
  "s02_l01": 1.184,
  "s02_l02": 1.856,
  "s02_l03": 0.970667,
  "s02_l04": 1.514667,
  "s03_l01": 1.397333,
  "s03_l02": 1.973333,
  "s03_l03": 1.216,
  "s03_l04": 1.856
}