{
  "s01_l01": 1.258667,
  "s01_l02": 1.802667,
  "s01_l03": 1.024,
  "s01_l04": 1.557333,
  "s02_l01": 1.322667,
  "s02_l02": 1.813333,
  "s02_l03": 1.184,
  "s02_l04": 1.461333,
  "s03_l01": 1.088,
  "s03_l02": 1.728,
  "s03_l03": 1.301333,
  "s03_l04": 1.568
}