{
  "s01_l01": 1.862,
  "s01_l02": 1.4045,
  "s01_l03": 2.20575,
  "s01_l04": 1.8395,
  "s01_l05": 2.1095,
  "s01_l06": 1.4095,
  "s01_l07": 2.747,
  "s01_l08": 2.107,
  "s01_l09": 2.277,
  "s01_l10": 1.517,
  "s02_l01": 1.9595,
  "s02_l02": 2.0295,
  "s02_l03": 2.5395,
  "s02_l04": 2.3745,
  "s02_l05": 1.8495,
  "s02_l06": 2.1145,
  "s02_l07": 1.747,
  "s02_l08": 1.7945,
  "s02_l09": 2.062,
  "s02_l10": 1.8645,
  "s03_l01": 2.0845,
  "s03_l02": 2.0695,
  "s03_l03": 2.092,
  "s03_l04": 2.4345,
  "s03_l05": 2.2745,
  "s03_l06": 1.9795,
  "s03_l07": 1.7895,
  "s03_l08": 1.5695,
  "s03_l09": 1.557,
  "s03_l10": 2.2945,
  "s04_l01": 1.912,
  "s04_l02": 0.9695,
  "s04_l03": 1.8695,
  "s04_l04": 2.4195,
  "s04_l05": 1.4945,
  "s04_l06": 1.7695,
  "s04_l07": 2.347,
  "s04_l08": 1.7495,
  "s04_l09": 2.192,
  "s04_l10": 1.7595,
  "s05_l01": 2.2195,
  "s05_l02": 1.8495,
  "s05_l03": 2.36825,
  "s05_l04": 2.6995,
  "s05_l05": 2.2545,
  "s05_l06": 2.3445,
  "s05_l07": 1.6195,
  "s05_l08": 1.9745,
  "s05_l09": 2.292,
  "s05_l10": 1.8645,
  "s06_l01": 2.237,
  "s06_l02": 1.4195,
  "s06_l03": 1.0345,
  "s06_l04": 1.6495,
  "s06_l05": 1.8095,
  "s06_l06": 2.4795,
  "s06_l07": 2.1045,
  "s06_l08": 1.797,
  "s06_l09": 2.402,
  "s06_l10": 2.1745,
  "s07_l01": 2.387,
  "s07_l02": 2.0695,
  "s07_l03": 1.6345,
  "s07_l04": 2.1445,
  "s07_l05": 2.972,
  "s07_l06": 1.8195,
  "s07_l07": 1.8045,
  "s07_l08": 2.077,
  "s07_l09": 2.042,
  "s07_l10": 2.5145,
  "s08_l01": 1.6695,
  "s08_l02": 1.3745,
  "s08_l03": 2.277,
  "s08_l04": 1.8495,
  "s08_l05": 1.652,
  "s08_l06": 1.7245,
  "s08_l07": 1.9595,
  "s08_l08": 1.757,
  "s08_l09": 1.8295,
  "s08_l10": 1.992
}