{
  "s01_l01": 1.461333,
  "s01_l02": 1.173333,
  "s01_l03": 1.76,
  "s01_l04": 1.504,
  "s02_l01": 1.312,
  "s02_l02": 1.610667,
  "s02_l03": 1.045333,
  "s02_l04": 1.386667,
  "s03_l01": 1.802667,
  "s03_l02": 1.333333,
  "s03_l03": 1.408,
  "s03_l04": 1.226667
}