{
  "s01_l01": 1.621333,
  "s01_l02": 1.514667,
  "s01_l03": 1.013333,
  "s01_l04": 1.856,
  "s02_l01": 1.141333,
  "s02_l02": 1.738667,
  "s02_l03": 1.088,
  "s02_l04": 1.76,
  "s03_l01": 1.034667,
  "s03_l02": 1.792,
  "s03_l03": 1.088,
  "s03_l04": 1.909333
}