{
  "s01_l01": 1.194667,
  "s01_l02": 1.898667,
  "s01_l03": 0.885333,
  "s01_l04": 1.376,
  "s02_l01": 1.034667,
  "s02_l02": 1.898667,
  "s02_l03": 1.088,
  "s02_l04": 1.397333,
  "s03_l01": 1.44,
  "s03_l02": 1.536,
  "s03_l03": 1.184,
  "s03_l04": 2.016
}