{
  "s01_l01": 1.728,
  "s01_l02": 1.568,
  "s01_l03": 1.546667,
  "s01_l04": 1.994667,
  "s02_l01": 1.706667,
  "s02_l02": 1.482667,
  "s02_l03": 1.930667,
  "s02_l04": 1.184,
  "s03_l01": 1.845333,
  "s03_l02": 1.898667,
  "s03_l03": 2.101333,
  "s03_l04": 1.578667,
  "s04_l01": 1.493333,
  "s04_l02": 1.621333,
  "s04_l03": 1.664,
  "s04_l04": 1.408,
  "s05_l01": 1.482667,
  "s05_l02": 1.888,
  "s05_l03": 1.802667,
  "s05_l04": 1.365333,
  "s06_l01": 1.290667,
  "s06_l02": 1.952,
  "s06_l03": 2.08,
  "s06_l04": 1.632,
  "s07_l01": 1.568,
  "s07_l02": 1.781333,
  "s07_l03": 1.632,
  "s07_l04": 1.493333,
  "s08_l01": 1.621333,
  "s08_l02": 1.856,
  "s08_l03": 1.28,
  "s08_l04": 1.728,
  "s09_l01": 1.525333,
  "s09_l02": 1.621333,
  "s09_l03": 1.546667,
  "s09_l04": 1.578667,
  "s10_l01": 1.525333,
  "s10_l02": 1.941333,
  "s10_l03": 1.589333,
  "s10_l04": 1.482667,
  "s11_l01": 1.397333,
  "s11_l02": 1.888,
  "s11_l03": 1.781333,
  "s11_l04": 1.941333,
  "s12_l01": 1.824,
  "s12_l02": 1.728,
  "s12_l03": 1.930667,
  "s12_l04": 1.610667,
  "s13_l01": 1.664,
  "s13_l02": 2.026667,
  "s13_l03": 1.568,
  "s13_l04": 1.792,
  "s14_l01": 1.802667,
  "s14_l02": 1.898667,
  "s14_l03": 1.856,
  "s14_l04": 2.048,
  "s15_l01": 1.397333,
  "s15_l02": 1.589333,
  "s15_l03": 1.834667,
  "s15_l04": 1.653333,
  "s16_l01": 1.792,
  "s16_l02": 1.514667,
  "s16_l03": 1.738667,
  "s16_l04": 1.450667,
  "s17_l01": 1.333333,
  "s17_l02": 1.877333,
  "s17_l03": 1.834667,
  "s17_l04": 1.450667,
  "s18_l01": 1.696,
  "s18_l02": 2.304,
  "s18_l03": 1.568,
  "s18_l04": 1.525333,
  "s19_l01": 1.493333,
  "s19_l02": 1.76,
  "s19_l03": 1.546667,
  "s19_l04": 1.578667,
  "s20_l01": 1.642667,
  "s20_l02": 2.016,
  "s20_l03": 1.802667,
  "s20_l04": 1.621333,
  "s21_l01": 2.208,
  "s21_l02": 1.717333,
  "s21_l03": 1.866667,
  "s21_l04": 1.461333
}