{
  "s01_l01": 1.546667,
  "s01_l02": 1.429333,
  "s01_l03": 1.098667,
  "s01_l04": 1.365333,
  "s01_l05": 1.322667,
  "s01_l06": 1.301333,
  "s01_l07": 1.706667,
  "s01_l08": 1.258667,
  "s01_l09": 1.397333,
  "s01_l10": 1.013333,
  "s02_l01": 1.28,
  "s02_l02": 1.002667,
  "s02_l03": 1.333333,
  "s02_l04": 1.162667,
  "s02_l05": 0.906667,
  "s02_l06": 1.322667,
  "s02_l07": 1.365333,
  "s02_l08": 1.6,
  "s02_l09": 1.44,
  "s02_l10": 1.269333,
  "s03_l01": 1.568,
  "s03_l02": 1.013333,
  "s03_l03": 1.493333,
  "s03_l04": 1.365333,
  "s03_l05": 1.322667,
  "s03_l06": 1.504,
  "s03_l07": 1.194667,
  "s03_l08": 1.162667,
  "s03_l09": 1.770667,
  "s03_l10": 0.970667,
  "s04_l01": 1.525333,
  "s04_l02": 1.002667,
  "s04_l03": 1.301333,
  "s04_l04": 1.034667,
  "s04_l05": 1.397333,
  "s04_l06": 1.312,
  "s04_l07": 1.184,
  "s04_l08": 1.034667,
  "s04_l09": 1.397333,
  "s04_l10": 1.344,
  "s05_l01": 1.568,
  "s05_l02": 1.002667,
  "s05_l03": 1.610667,
  "s05_l04": 1.365333,
  "s05_l05": 1.269333,
  "s05_l06": 1.141333,
  "s05_l07": 1.248,
  "s05_l08": 1.002667,
  "s05_l09": 1.429333,
  "s05_l10": 1.109333,
  "s06_l01": 1.696,
  "s06_l02": 1.333333,
  "s06_l03": 1.28,
  "s06_l04": 1.226667,
  "s06_l05": 1.429333,
  "s06_l06": 0.64,
  "s06_l07": 1.056,
  "s06_l08": 1.344,
  "s06_l09": 1.344,
  "s06_l10": 1.130667,
  "s07_l01": 1.504,
  "s07_l02": 1.002667,
  "s07_l03": 1.173333,
  "s07_l04": 1.077333,
  "s07_l05": 1.194667,
  "s07_l06": 1.12,
  "s07_l07": 1.066667,
  "s07_l08": 1.216,
  "s07_l09": 1.109333,
  "s07_l10": 1.258667,
  "s08_l01": 1.429333,
  "s08_l02": 0.874667,
  "s08_l03": 1.6,
  "s08_l04": 1.088,
  "s08_l05": 1.952,
  "s08_l06": 1.013333,
  "s08_l07": 1.941333,
  "s08_l08": 1.141333,
  "s08_l09": 1.248,
  "s08_l10": 1.642667
}