{
  "s01_l01": 1.152,
  "s01_l02": 1.696,
  "s01_l03": 0.906667,
  "s01_l04": 1.557333,
  "s02_l01": 1.216,
  "s02_l02": 1.674667,
  "s02_l03": 1.205333,
  "s02_l04": 1.717333,
  "s03_l01": 1.290667,
  "s03_l02": 1.429333,
  "s03_l03": 1.344,
  "s03_l04": 1.546667
}