{
  "s01_l01": 1.290667,
  "s01_l02": 1.152,
  "s01_l03": 0.992,
  "s01_l04": 1.461333,
  "s02_l01": 1.610667,
  "s02_l02": 1.472,
  "s02_l03": 1.333333,
  "s02_l04": 1.610667,
  "s03_l01": 1.504,
  "s03_l02": 1.365333,
  "s03_l03": 1.162667,
  "s03_l04": 1.44
}